{"val_cohen":0.7950354814529419,"test_f1":0.8967124223709106,"trainer/global_step":308,"val_f1":0.8967382907867432,"test_cohen":0.7950354814529419,"test_acc":0.897517740726471,"_timestamp":1.7584772582396808e+09,"val_acc":0.897517740726471,"_runtime":26,"epoch":2,"_step":8,"_wandb":{"runtime":26},"train_loss":0.11427803337574005}