{"_step":186,"trainer/global_step":6283,"_runtime":364,"val_acc":0.9982269406318665,"val_f1":0.9982269406318665,"epoch":61,"test_f1":0.9989361763000488,"test_cohen":0.9978723526000977,"test_acc":0.9989361763000488,"_timestamp":1.7584782262151272e+09,"train_loss":0.0007670974591746926,"val_cohen":0.9964538812637329,"_wandb":{"runtime":364}}