{"val_acc":0.9978723526000977,"_wandb":{"runtime":226},"trainer/global_step":3193,"_step":94,"test_f1":0.9992907643318176,"_runtime":226,"epoch":31,"val_cohen":0.9957447052001953,"test_acc":0.9992907643318176,"test_cohen":0.99858158826828,"val_f1":0.9978723526000977,"_timestamp":1.7584759933514924e+09,"train_loss":0.004972461611032486}