{"test_f1":0.2779841125011444,"epoch":80,"trainer/global_step":800,"train_loss":0.005628484301269054,"val_f1":0.26300182938575745,"val_acc":0.2729805111885071,"_wandb":{"runtime":341},"_step":96,"_timestamp":1.7584785822591386e+09,"test_acc":0.2851405739784241,"val_cohen":0.03090384416282177,"_runtime":341,"test_cohen":0.04671570658683777}