{"val_f1":0.22997881472110748,"epoch":11,"train_loss":1.3405592441558838,"test_cohen":-0.02079845406115055,"test_f1":0.1679994761943817,"_timestamp":1.7584776012353344e+09,"val_cohen":0.03720463067293167,"_runtime":61,"val_acc":0.27855151891708374,"_wandb":{"runtime":61},"test_acc":0.2329317331314087,"_step":13,"trainer/global_step":110}