{"train_loss":0.34028029441833496,"test_acc":0.8723404407501221,"val_f1":0.8711649775505066,"trainer/global_step":231,"_timestamp":1.7584769177114894e+09,"test_f1":0.8722270727157593,"test_cohen":0.7446808218955994,"_wandb":{"runtime":26},"val_cohen":0.742553174495697,"val_acc":0.8712766170501709,"_step":6,"epoch":2,"_runtime":26}